Name,Source,Author,Context
The Magical Paintbrush,New Story,Unknown,"Mia discovers a paintbrush that brings her drawings to life, but she must use it wisely!"
Benny and the Runaway Balloon,New Story,Unknown,"Benny’s favorite red balloon floats away, leading him on an adventure through the skies."
The Tiny Dragon’s Big Roar,New Story,Unknown,"A small dragon named Pip wants to be fierce, but he learns that kindness is his greatest strength."
Luna’s Secret Garden,New Story,Unknown,"Luna finds a hidden garden where flowers whisper stories of the past."
The Brave Little Raindrop,New Story,Unknown,"A tiny raindrop named Droppy is scared to fall, but he soon learns he has an important job to do."
Captain Paws and the Missing Bone,New Story,Unknown,"A detective dog, Captain Paws, follows clues to solve the mystery of his missing bone."
The Rainbow Slide,New Story,Unknown,"A magical slide appears in Tommy’s backyard, taking him on adventures to different lands."
Fluffy and the Moonlight Parade,New Story,Unknown,"Fluffy, a curious bunny, sneaks out at night and discovers a parade of dancing fireflies and singing owls."
The Lost Button Adventure,New Story,Unknown,"When Mia loses a button from her coat, she shrinks down and goes on a tiny adventure to find it."
Oliver’s Upside-Down Day,New Story,Unknown,"One morning, Oliver wakes up to find that everything in his world is upside down!"
The Wish in the Wind,New Story,Unknown,"A little girl whispers a wish into the wind, and it takes her on a journey to make it come true."
Sasha and the Talking Star,New Story,Unknown,"Sasha finds a twinkling star in her backyard that tells her wonderful secrets of the universe."
The Little Snail’s Big Journey,New Story,Unknown,"A tiny snail sets off on a grand adventure to reach the tallest sunflower in the meadow."
Max and the Magical Shoelaces,New Story,Unknown,"Max’s new shoelaces come to life and take him on a race through an enchanted forest."
The Friendly Shadow,New Story,Unknown,"Ben’s shadow seems to have a mind of its own, leading him on a playful chase around town."
Ella and the Dancing Teacups,New Story,Unknown,"At her grandmother’s house, Ella discovers that the teacups dance and tell stories when no one is looking."
The Cloud That Wanted to Be a Pillow,New Story,Unknown,"A fluffy cloud dreams of becoming a pillow, but he must first learn what it means to be a cloud."
Rosie and the Secret of the Giggles,New Story,Unknown,"Rosie finds a hidden jar full of giggles and laughter, and she must figure out where they came from."
The Invisible Ice Cream Truck,New Story,Unknown,"A magical ice cream truck only appears to those who truly believe in kindness."
Sammy’s Silly Socks,New Story,Unknown,"Sammy’s socks decide to go on an adventure of their own, causing a lot of funny trouble along the way!"
Leo and the Library of Lost Stories,New Story,Unknown,"Leo stumbles upon a secret library where lost stories wait to be read again."
The Curious Case of the Floating Hat,New Story,Unknown,"Ella’s hat flies off in the wind and leads her to a secret world above the clouds."
Milo and the Time-Traveling Toy,New Story,Unknown,"Milo finds a toy that takes him on adventures through different eras of history."
The Bubblegum Planet,New Story,Unknown,"Jack blows the biggest bubble ever and ends up on a planet made entirely of gum!"
Sophie and the Singing Sunflower,New Story,Unknown,"Sophie discovers a sunflower that sings whenever it sees the sunshine."
The Tiny Train That Could,New Story,Unknown,"A little toy train dreams of traveling the world, and one day, it gets its chance!"
Danny and the Doodle Monster,New Story,Unknown,"Danny’s doodles come to life, leading to a fun and silly adventure."
The Sleepy Moon and the Midnight Picnic,New Story,Unknown,"The Moon is too sleepy to shine, so the stars plan a picnic to wake it up."
The Penguin Who Wanted to Fly,New Story,Unknown,"A little penguin named Pip dreams of flying and finds a clever way to do it."
Charlie and the Whispering Shell,New Story,Unknown,"Charlie finds a seashell that whispers secrets of the deep ocean."
The Teddy Bear's Secret Mission,New Story,Unknown,"Teddy comes to life at night to protect his owner from imaginary monsters."
The Giggly Ghost,New Story,Unknown,"A friendly ghost tries to be spooky but only ends up making everyone laugh."
The Mermaid’s Lost Necklace,New Story,Unknown,"A mermaid loses her magical necklace, and a group of ocean friends help her find it."
The Unicorn’s Rainbow Surprise,New Story,Unknown,"A unicorn spreads a rainbow across the sky and accidentally creates a new color!"
The Enchanted Zookeeper,New Story,Unknown,"A zookeeper discovers that the animals in his zoo have magical abilities."
The Chocolate River Adventure,New Story,Unknown,"Samantha discovers a river made of chocolate and sets off on a delicious journey."
The Secret of the Talking Tree,New Story,Unknown,"A wise old tree shares stories with a little boy who visits every afternoon."
The Runaway Snowball,New Story,Unknown,"A tiny snowball rolls and rolls until it becomes the biggest snowball ever!"
The Moonlight Mermaid,New Story,Unknown,"A mermaid who glows in the moonlight helps a lost sailor find his way home."
The Panda Who Loved to Paint,New Story,Unknown,"A panda paints the bamboo forest with beautiful colors that come to life!"
The Clumsy Wizard,New Story,Unknown,"A young wizard keeps messing up his spells, leading to funny magical mishaps."
The Star That Fell to Earth,New Story,Unknown,"A star falls to Earth and needs help finding its way back to the sky."
The Magic Puzzle,New Story,Unknown,"Every time Lily puts a puzzle piece in place, she’s transported into its world!"
The Friendly Monster Under the Bed,New Story,Unknown,"A little girl discovers the monster under her bed just wants to be her friend."
The Forgetful Fairy,New Story,Unknown,"A fairy keeps forgetting where she left her magic wand, leading to silly adventures."
The Dancing Robot,New Story,Unknown,"A robot learns to dance and becomes the star of the big town party!"
The Secret Door in the Attic,New Story,Unknown,"Two friends discover a magical door that leads to a world of adventure."
The Tiny Turtle’s Big Dream,New Story,Unknown,"A little turtle dreams of winning a race, even though he’s the slowest one around."
